Sharon,,,,,,,,,,,,30,,,,271
Sharon,,,,,,18,,,,,,30,,,,271
Sharon,,,,,,18,,,25,,,30,,,,271
Sharon,,,,12,,18,,,25,,,30,,,,271
Sharon,4,,,12,,18,,,25,,,30,,,,271
Sharon,4,,,12,15,18,,,25,,,30,,,,271
Sharon,4,,,12,15,18,,,25,,25,30,,,,271
Sharon,4,,,12,15,18,,,25,29,25,30,,,,271
Sharon,4,,12,12,15,18,,,25,29,25,30,,,,271
Sharon,4,,12,12,15,18,,,25,29,25,30,40,,,271
Sharon,4,4,12,12,15,18,65,35,25,29,25,30,40,,,271
Sharon,4,4,12,12,15,18,65,35,25,29,25,30,40,22,,271
Sharon,4,4,12,12,15,18,65,35,25,29,25,30,40,22,0,271
QQQ,,,,,,,,,,,,,,,,258
QQQ,,,,,,,,,,,,30,,,,258
QQQ,,,,,15,,,,,,,30,,,,258
QQQ,1,,,,15,,,,,,,30,,,,258
QQQ,1,,,,15,,,,,,25,30,,,,258
QQQ,1,,,,15,,,,,,25,30,,,50,258
QQQ,1,,,,15,,,,,,25,30,,25,50,258
QQQ,1,,,,15,,,,,0,25,30,,25,50,258
QQQ,1,,9,,15,,,,,0,25,30,,25,50,258
QQQ,1,,9,,15,,,,26,0,25,30,,25,50,258
QQQ,1,,9,12,15,,,,26,0,25,30,,25,50,258
QQQ,1,6,9,12,15,,,,26,0,25,30,,25,50,258
QQQ,1,6,9,12,15,24,67,35,26,0,25,30,,25,50,258
QQQ,1,6,9,12,15,24,67,35,26,0,25,30,0,25,50,258
QQQ,,,,,,,,,,,,,,,,283
QQQ,,,,,,,,,,,,30,,,,283
QQQ,3,,,,,,,,,,,30,,,,283
QQQ,3,,,,20,,,,,,,30,,,,283
QQQ,3,,,,20,,,,,,,30,40,,,283
QQQ,3,,,12,20,,,,,,,30,40,,,283
QQQ,3,8,,12,20,,,,,,,30,40,,,283
QQQ,3,8,,12,20,,,,,27,,30,40,,,283
QQQ,3,8,12,12,20,,,,,27,,30,40,,,283
QQQ,3,8,12,12,20,18,73,35,,27,,30,40,,,283
QQQ,3,8,12,12,20,18,73,35,27,27,,30,40,,,283
QQQ,3,8,12,12,20,18,73,35,27,27,,30,40,26,,283
QQQ,3,8,12,12,20,18,73,35,27,27,25,30,40,26,,283
QQQ,3,8,12,12,20,18,73,35,27,27,25,30,40,26,0,283
QQQ,,,,,,,,,,,,,,26,,210
QQQ,,,,,,,,,,,25,,,26,,210
QQQ,,,,,15,,,,,,25,,,26,,210
QQQ,,,,12,15,,,,,,25,,,26,,210
QQQ,2,,,12,15,,,,,,25,,,26,,210
QQQ,2,,9,12,15,,,,,,25,,,26,,210
QQQ,2,,9,12,15,,,,,,25,,40,26,,210
QQQ,2,,9,12,15,,,,27,,25,,40,26,,210
QQQ,2,,9,12,15,,,,27,,25,30,40,26,,210
QQQ,2,,9,12,15,,,,27,,25,30,40,26,0,210
QQQ,2,,9,12,15,,,,27,0,25,30,40,26,0,210
QQQ,2,,9,12,15,18,,,27,0,25,30,40,26,0,210
QQQ,2,6,9,12,15,18,62,0,27,0,25,30,40,26,0,210
QQQ,,,,,,,,,,,,,,,,306
QQQ,,,,,,24,,,,,,,,,,306
QQQ,,,,,,24,,,,,,,,,50,306
QQQ,,6,,,,24,,,,,,,,,50,306
QQQ,,6,,,,24,,,,,25,,,,50,306
QQQ,3,6,,,,24,,,,,25,,,,50,306
QQQ,3,6,,,,24,,,,0,25,,,,50,306
QQQ,3,6,,,,24,,,,0,25,,40,,50,306
QQQ,3,6,,16,,24,,,,0,25,,40,,50,306
QQQ,3,6,,16,,24,,,,0,25,30,40,,50,306
QQQ,3,6,,16,,24,,,27,0,25,30,40,,50,306
QQQ,3,6,9,16,,24,,,27,0,25,30,40,,50,306
QQQ,3,6,9,16,15,24,73,35,27,0,25,30,40,,50,306
QQQ,3,6,9,16,15,24,73,35,27,0,25,30,40,26,50,306
QQQ,,,,,,,,,,,,,,,,239
QQQ,4,,,,,,,,,,,,,,,239
QQQ,4,,,,,,,,,,,30,,,,239
QQQ,4,8,,,,,,,,,,30,,,,239
QQQ,4,8,,,,18,,,,,,30,,,,239
QQQ,4,8,,16,,18,,,,,,30,,,,239
QQQ,4,8,9,16,,18,,,,,,30,,,,239
QQQ,4,8,9,16,,18,,,,18,,30,,,,239
QQQ,4,8,9,16,15,18,70,35,,18,,30,,,,239
QQQ,4,8,9,16,15,18,70,35,24,18,,30,,,,239
QQQ,4,8,9,16,15,18,70,35,24,18,,30,40,,,239
QQQ,4,8,9,16,15,18,70,35,24,18,,30,40,,0,239
QQQ,4,8,9,16,15,18,70,35,24,18,,30,40,22,0,239
QQQ,4,8,9,16,15,18,70,35,24,18,0,30,40,22,0,239
QQQ,4,,,,,,,,,,,,,,,323
QQQ,4,,,,,,,,,,25,,,,,323
QQQ,4,,,,,24,,,,,25,,,,,323
QQQ,4,6,,,,24,,,,,25,,,,,323
QQQ,4,6,,,,24,,,,,25,,,,50,323
QQQ,4,6,12,,,24,,,,,25,,,,50,323
QQQ,4,6,12,,,24,,,,,25,30,,,50,323
QQQ,4,6,12,,,24,,,,,25,30,40,,50,323
QQQ,4,6,12,,,24,,,,22,25,30,40,,50,323
QQQ,4,6,12,,20,24,,,,22,25,30,40,,50,323
QQQ,4,6,12,4,20,24,70,35,,22,25,30,40,,50,323
QQQ,4,6,12,4,20,24,70,35,29,22,25,30,40,,50,323
QQQ,4,6,12,4,20,24,70,35,29,22,25,30,40,22,50,323
QQQ,0,,,,,,,,,,,,,,,173
QQQ,0,4,,,,,,,,,,,,,,173
QQQ,0,4,,,,,,,,,,,40,,,173
QQQ,0,4,,,,,,,,,,30,40,,,173
QQQ,0,4,,,,,,,,,,30,40,18,,173
QQQ,0,4,,12,,,,,,,,30,40,18,,173
QQQ,0,4,,12,,,,,,,,30,40,18,0,173
QQQ,0,4,,12,,,,,,,25,30,40,18,0,173
QQQ,0,4,,12,,,,,18,,25,30,40,18,0,173
QQQ,0,4,,12,,,,,18,0,25,30,40,18,0,173
QQQ,0,4,,12,,18,,,18,0,25,30,40,18,0,173
QQQ,0,4,3,12,,18,,,18,0,25,30,40,18,0,173
QQQ,0,4,3,12,5,18,42,0,18,0,25,30,40,18,0,173
Moi,,,,,,,,,,,,,,,,206
Moi,,,,,,,,,,,,30,,,,206
Moi,,,,,,,,,,,25,30,,,,206
Moi,,,,,,,,,,,25,30,,,50,206
Moi,1,,,,,,,,,,25,30,,,50,206
Moi,1,,,,,18,,,,,25,30,,,50,206
Moi,1,2,,,,18,,,,,25,30,,,50,206
Moi,1,2,3,,,18,,,,,25,30,,,50,206
Moi,1,2,3,,,18,,,,,25,30,,26,50,206
Moi,1,2,3,,,18,,,,0,25,30,,26,50,206
Moi,1,2,3,,,18,,,,0,25,30,0,26,50,206
Moi,1,2,3,,10,18,,,,0,25,30,0,26,50,206
Moi,1,2,3,,10,18,,,25,0,25,30,0,26,50,206
Moi,1,2,3,16,10,18,50,0,25,0,25,30,0,26,50,206
Mimi,,,,,,,,,,,,30,,,,211
Mimi,,,,,,,,,,,,30,,20,,211
Mimi,0,,,,,,,,,,,30,,20,,211
Mimi,0,,,,,,,,,,,30,,20,50,211
Mimi,0,,,,,,,,,0,,30,,20,50,211
Mimi,0,,,,,,,,27,0,,30,,20,50,211
Mimi,0,8,,,,,,,27,0,,30,,20,50,211
Mimi,0,8,,,,18,,,27,0,,30,,20,50,211
Mimi,0,8,,,,18,,,27,0,25,30,,20,50,211
Mimi,0,8,9,,,18,,,27,0,25,30,,20,50,211
Mimi,0,8,9,4,,18,,,27,0,25,30,,20,50,211
Mimi,0,8,9,4,20,18,59,0,27,0,25,30,,20,50,211
Mimi,0,8,9,4,20,18,59,0,27,0,25,30,0,20,50,211
Asta,,,,,,,,,,,,,,,,266
Asta,,,,,20,,,,,,,,,,,266
Asta,,8,,,20,,,,,,,,,,,266
Asta,,8,,,20,,,,,,,,40,,,266
Asta,,8,,,20,,,,,,,30,40,,,266
Asta,1,8,,,20,,,,,,,30,40,,,266
Asta,1,8,,,20,,,,,,,30,40,18,,266
Asta,1,8,,,20,,,,,,25,30,40,18,,266
Asta,1,8,,,20,18,,,,,25,30,40,18,,266
Asta,1,8,,,20,18,,,,26,25,30,40,18,,266
Asta,1,8,,,20,18,,,24,26,25,30,40,18,,266
Asta,1,8,9,,20,18,,,24,26,25,30,40,18,,266
Asta,1,8,9,12,20,18,68,35,24,26,25,30,40,18,,266
Asta,1,8,9,12,20,18,68,35,24,26,25,30,40,18,0,266
Asta,,,,,,,,,,,,,,,,188
Asta,,,,,,,,,,,,,,23,,188
Asta,1,,,,,,,,,,,,,23,,188
Asta,1,,,,,,,,,,25,,,23,,188
Asta,1,4,,,,,,,,,25,,,23,,188
Asta,1,4,,,,,,,,10,25,,,23,,188
Asta,1,4,,,15,,,,,10,25,,,23,,188
Asta,1,4,9,,15,,,,,10,25,,,23,,188
Asta,1,4,9,,15,,,,,10,25,30,,23,,188
Asta,1,4,9,8,15,,,,,10,25,30,,23,,188
Asta,1,4,9,8,15,6,43,0,,10,25,30,,23,,188
Asta,1,4,9,8,15,6,43,0,17,10,25,30,,23,,188
Asta,1,4,9,8,15,6,43,0,17,10,25,30,40,23,,188
Asta,1,4,9,8,15,6,43,0,17,10,25,30,40,23,0,188
speedy,,8,,,,,,,,,,,,,,236
speedy,1,8,,,,,,,,,,,,,,236
speedy,1,8,,12,,,,,,,,,,,,236
speedy,1,8,,12,,24,,,,,,,,,,236
speedy,1,8,,12,,24,,,,,,30,,,,236
speedy,1,8,,12,,24,,,,,25,30,,,,236
speedy,1,8,,12,15,24,,,,,25,30,,,,236
speedy,1,8,,12,15,24,,,24,,25,30,,,,236
speedy,1,8,,12,15,24,,,24,,25,30,,24,,236
speedy,1,8,,12,15,24,,,24,,25,30,,24,0,236
speedy,1,8,,12,15,24,,,24,29,25,30,,24,0,236
speedy,1,8,9,12,15,24,69,35,24,29,25,30,,24,0,236
speedy,1,8,9,12,15,24,69,35,24,29,25,30,0,24,0,236
Rob,,,,,,,,,,,25,,,,,343
Rob,,,,,,,,,,,25,,,,50,343
Rob,,,,,,,,,,,25,,40,,50,343
Rob,,,,,,,,,,,25,,40,22,50,343
Rob,,,,,,,,,,,25,30,40,22,50,343
Rob,,8,,,,,,,,,25,30,40,22,50,343
Rob,,8,,,,,,,,10,25,30,40,22,150,343
Rob,,8,,,,18,,,,10,25,30,40,22,150,343
Rob,,8,9,,,18,,,,10,25,30,40,22,150,343
Rob,,8,9,12,,18,,,,10,25,30,40,22,150,343
Rob,1,8,9,12,,18,,,,10,25,30,40,22,150,343
Rob,1,8,9,12,,18,,,13,10,25,30,40,22,150,343
Rob,1,8,9,12,5,18,53,0,13,10,25,30,40,22,150,343
HawkTuah,,,,,,,,,,,,,,,,230
HawkTuah,,,,,,,,,,,,,40,,,230
HawkTuah,,,,,,,,,24,,,,40,,,230
HawkTuah,,,,,,,,,24,,,30,40,,,230
HawkTuah,,,,,,,,,24,,25,30,40,,,230
HawkTuah,,,,12,,,,,24,,25,30,40,,,230
HawkTuah,2,,,12,,,,,24,,25,30,40,,,230
HawkTuah,2,,9,12,,,,,24,,25,30,40,,,230
HawkTuah,2,,9,12,,24,,,24,,25,30,40,,,230
HawkTuah,2,,9,12,,24,,,24,25,25,30,40,,,230
HawkTuah,2,,9,12,,24,,,24,25,25,30,40,27,,230
HawkTuah,2,2,9,12,,24,,,24,25,25,30,40,27,,230
HawkTuah,2,2,9,12,10,24,59,0,24,25,25,30,40,27,,230
HawkTuah,2,2,9,12,10,24,59,0,24,25,25,30,40,27,0,230
Nick C,,,,,15,,,,,,,,,,,329
Nick C,,,,,15,18,,,,,,,,,,329
Nick C,,,,,15,18,,,,,,,,,50,329
Nick C,,,,,15,18,,,,,,30,,,50,329
Nick C,3,,,,15,18,,,,,,30,,,50,329
Nick C,3,,,,15,18,,,,,,30,,17,50,329
Nick C,3,,,,15,18,,,,,,30,40,17,150,329
Nick C,3,,,,15,18,,,,0,,30,40,17,150,329
Nick C,3,,,8,15,18,,,,0,,30,40,17,150,329
Nick C,3,,,8,15,18,,,11,0,,30,40,17,150,329
Nick C,3,6,,8,15,18,,,11,0,,30,40,17,150,329
Nick C,3,6,6,8,15,18,56,0,11,0,,30,40,17,150,329
Nick C,3,6,6,8,15,18,56,0,11,0,25,30,40,17,150,329
JJ,,,,,,,,,,,,,,,,249
JJ,,,,,20,,,,,,,,,,,249
JJ,,,,,20,18,,,,,,,,,,249
JJ,2,,,,20,18,,,,,,,,,,249
JJ,2,,,,20,18,,,,,25,,,,,249
JJ,2,,,,20,18,,,,,25,30,,,,249
JJ,2,,,12,20,18,,,,,25,30,,,,249
JJ,2,8,,12,20,18,,,,,25,30,,,,249
JJ,2,8,12,12,20,18,72,35,,,25,30,,,,249
JJ,2,8,12,12,20,18,72,35,,,25,30,,24,,249
JJ,2,8,12,12,20,18,72,35,,,25,30,40,24,,249
JJ,2,8,12,12,20,18,72,35,23,,25,30,40,24,,249
JJ,2,8,12,12,20,18,72,35,23,0,25,30,40,24,,249
JJ,2,8,12,12,20,18,72,35,23,0,25,30,40,24,0,249
petunia,,,,,,,,,,,,,,,,208
petunia,,,,,,,,,,,,30,,,,208
petunia,0,,,,,,,,,,,30,,,,208
petunia,0,,,,,,,,,,25,30,,,,208
petunia,0,,,,,18,,,,,25,30,,,,208
petunia,0,,,,,18,,,,,25,30,,,0,208
petunia,0,,,,,18,,,,,25,30,40,,0,208
petunia,0,,,,15,18,,,,,25,30,40,,0,208
petunia,0,,,,15,18,,,,22,25,30,40,,0,208
petunia,0,,,,15,18,,,19,22,25,30,40,,0,208
petunia,0,6,,,15,18,,,19,22,25,30,40,,0,208
petunia,0,6,12,,15,18,,,19,22,25,30,40,,0,208
petunia,0,6,12,,15,18,,,19,22,25,30,40,17,0,208
petunia,0,6,12,4,15,18,55,0,19,22,25,30,40,17,0,208
JJ,,,,,,,,,,,,,,,,304
JJ,,,,,,24,,,,,,,,,,304
JJ,,6,,,,24,,,,,,,,,,304
JJ,,6,,,,24,,,,26,,,,,,304
JJ,,6,,,,24,,,,26,,,40,,,304
JJ,0,6,,,,24,,,,26,,,40,,,304
JJ,0,6,,,20,24,,,,26,,,40,,,304
JJ,0,6,,,20,24,,,24,26,,,40,,,304
JJ,0,6,,,20,24,,,24,26,,,40,,50,304
JJ,0,6,,,20,24,,,24,26,,30,40,,50,304
JJ,0,6,,,20,24,,,24,26,25,30,40,,50,304
JJ,0,6,6,,20,24,,,24,26,25,30,40,,50,304
JJ,0,6,6,,20,24,,,24,26,25,30,40,6,50,304
JJ,0,6,6,12,20,24,68,35,24,26,25,30,40,6,50,304
petunia,,,,,,,,,,,,,,,,257
petunia,,6,,,,,,,,,,,,,,257
petunia,1,6,,,,,,,,,,,,,,257
petunia,1,6,,,,24,,,,,,,,,,257
petunia,1,6,,,15,24,,,,,,,,,,257
petunia,1,6,12,,15,24,,,,,,,,,,257
petunia,1,6,12,,15,24,,,,,,,,21,,257
petunia,1,6,12,,15,24,,,,,,30,,21,,257
petunia,1,6,12,,15,24,,,,,,30,,21,0,257
petunia,1,6,12,,15,24,,,,,25,30,,21,0,257
petunia,1,6,12,,15,24,,,,,25,30,40,21,0,257
petunia,1,6,12,,15,24,,,,10,25,30,40,21,0,257
petunia,1,6,12,12,15,24,70,35,,10,25,30,40,21,0,257
petunia,1,6,12,12,15,24,70,35,26,10,25,30,40,21,0,257
Marian,,,,,,,,,,,,,,,,391
Marian,,,,,,,,,,,25,,,,,391
Marian,,6,,,,,,,,,25,,,,,391
Marian,,6,9,,,,,,,,25,,,,,391
Marian,,6,9,,,,,,,,25,,,,50,391
Marian,,6,9,,,,,,,,25,,40,,50,391
Marian,,6,9,,,,,,,,25,30,40,,50,391
Marian,,6,9,20,,,,,,,25,30,40,,150,391
Marian,,6,9,20,15,,,,,,25,30,40,,150,391
Marian,,6,9,20,15,,,,,,25,30,40,19,150,391
Marian,1,6,9,20,15,,,,,,25,30,40,19,150,391
Marian,1,6,9,20,15,18,69,35,,,25,30,40,19,150,391
Marian,1,6,9,20,15,18,69,35,23,,25,30,40,19,150,391
Marian,1,6,9,20,15,18,69,35,23,0,25,30,40,19,150,391
dede,,,,,,,,,,,,,,,,246
dede,,,9,,,,,,,,,,,,,246
dede,,,9,,,,,,,,,30,,,,246
dede,,,9,,,18,,,,,,30,,,,246
dede,,,9,,,18,,,,,,30,,11,,246
dede,1,,9,,,18,,,,,,30,,11,,246
dede,1,,9,,,18,,,,,,30,,11,0,246
dede,1,,9,,,18,,,,13,,30,,11,0,246
dede,1,6,9,,,18,,,,13,,30,,11,0,246
dede,1,6,9,,,18,,,,13,25,30,,11,0,246
dede,1,6,9,16,,18,,,,13,25,30,,11,0,246
dede,1,6,9,16,20,18,70,35,,13,25,30,,11,0,246
dede,1,6,9,16,20,18,70,35,,13,25,30,40,11,0,246
dede,1,6,9,16,20,18,70,35,22,13,25,30,40,11,0,246
Ibu,,4,,,,,,,,,,,,,,242
Ibu,,4,9,,,,,,,,,,,,,242
Ibu,,4,9,,,,,,,,,,,22,,242
Ibu,,4,9,,,,,,,,,,40,22,,242
Ibu,,4,9,,,,,,,,,30,40,22,,242
Ibu,,4,9,16,,,,,,,,30,40,22,,242
Ibu,,4,9,16,,,,,,,,30,40,22,0,242
Ibu,,4,9,16,,18,,,,,,30,40,22,0,242
Ibu,,4,9,16,,18,,,,0,,30,40,22,0,242
Ibu,,4,9,16,20,18,,,,0,,30,40,22,0,242
Ibu,,4,9,16,20,18,,,,0,25,30,40,22,0,242
Ibu,4,4,9,16,20,18,71,35,,0,25,30,40,22,0,242
Ibu,4,4,9,16,20,18,71,35,19,0,25,30,40,22,0,242
bob,1,,,,,,,,,,,,,,,201
bob,1,,,,,,,,,,,,,15,,201
bob,1,2,,,,,,,,,,,,15,,201
bob,1,2,,,,24,,,,,,,,15,,201
bob,1,2,3,,,24,,,,,,,,15,,201
bob,1,2,3,,,24,,,,25,,,,15,,201
bob,1,2,3,,,24,,,20,25,,,,15,,201
bob,1,2,3,16,,24,,,20,25,,,,15,,201
bob,1,2,3,16,,24,,,20,25,,,40,15,,201
bob,1,2,3,16,,24,,,20,25,25,,40,15,,201
bob,1,2,3,16,0,24,46,0,20,25,25,,40,15,,201
bob,1,2,3,16,0,24,46,0,20,25,25,30,40,15,,201
bob,1,2,3,16,0,24,46,0,20,25,25,30,40,15,0,201
Ibu,,,,12,,,,,,,,,,,,180
Ibu,,,,12,,,,,27,,,,,,,180
Ibu,,,,12,,,,,27,,,,40,,,180
Ibu,3,,,12,,,,,27,,,,40,,,180
Ibu,3,,,12,,,,,27,22,,,40,,,180
Ibu,3,,,12,,,,,27,22,,30,40,,,180
Ibu,3,,,12,,18,,,27,22,,30,40,,,180
Ibu,3,,,12,,18,,,27,22,,30,40,18,,180
Ibu,3,,6,12,,18,,,27,22,,30,40,18,,180
Ibu,3,,6,12,,18,,,27,22,0,30,40,18,,180
Ibu,3,4,6,12,,18,,,27,22,0,30,40,18,,180
Ibu,3,4,6,12,,18,,,27,22,0,30,40,18,0,180
Ibu,3,4,6,12,0,18,43,0,27,22,0,30,40,18,0,180
Ibu,,,12,,,,,,,,,,,,,193
Ibu,,,12,,,,,,,,,30,,,,193
Ibu,,,12,,,,,,,,25,30,,,,193
Ibu,,,12,,,18,,,,,25,30,,,,193
Ibu,,6,12,,,18,,,,,25,30,,,,193
Ibu,,6,12,,,18,,,,25,25,30,,,,193
Ibu,2,6,12,,,18,,,,25,25,30,,,,193
Ibu,2,6,12,,,18,,,,25,25,30,,24,,193
Ibu,2,6,12,,,18,,,,25,25,30,,24,0,193
Ibu,2,6,12,4,,18,,,,25,25,30,,24,0,193
Ibu,2,6,12,4,,18,,,,25,25,30,0,24,0,193
Ibu,2,6,12,4,,18,,,27,25,25,30,0,24,0,193
Ibu,2,6,12,4,20,18,62,0,27,25,25,30,0,24,0,193
bob,,,,,,,,,,,25,,,,,451
bob,,,,,,,,,,,25,,40,,,451
bob,,,,,,,,,,,25,,40,,50,451
bob,,,,,,,,,22,,25,,40,,50,451
bob,,,,,15,,,,22,,25,,40,,50,451
bob,2,,,,15,,,,22,,25,,40,,50,451
bob,2,10,,,15,,,,22,,25,,40,,150,451
bob,2,10,,,15,,,,22,,25,30,40,,250,451
bob,2,10,,,15,,,,22,,25,30,40,18,250,451
bob,2,10,,,15,18,,,22,,25,30,40,18,250,451
bob,2,10,,8,15,18,,,22,,25,30,40,18,250,451
bob,2,10,6,8,15,18,59,0,22,,25,30,40,18,250,451
bob,2,10,6,8,15,18,59,0,22,7,25,30,40,18,250,451
TJ,,,,,,,,,,,25,,,,,185
TJ,,,,,,,,,,,25,,,26,,185
TJ,,,,16,,,,,,,25,,,26,,185
TJ,,,12,16,,,,,,,25,,,26,,185
TJ,1,,12,16,,,,,,,25,,,26,,185
TJ,1,,12,16,,,,,27,,25,,,26,,185
TJ,1,,12,16,,,,,27,,25,,,26,0,185
TJ,1,,12,16,,,,,27,,25,30,,26,0,185
TJ,1,,12,16,,,,,27,16,25,30,,26,0,185
TJ,1,,12,16,20,,,,27,16,25,30,,26,0,185
TJ,1,,12,16,20,12,,,27,16,25,30,,26,0,185
TJ,1,0,12,16,20,12,61,0,27,16,25,30,,26,0,185
TJ,1,0,12,16,20,12,61,0,27,16,25,30,0,26,0,185
Zz,,,,,20,,,,,,,,,,,247
Zz,,,,,20,,,,,,25,,,,,247
Zz,,,,,20,,,,,,25,,40,,,247
Zz,,,,,20,,,,,,25,30,40,,,247
Zz,,,,12,20,,,,,,25,30,40,,,247
Zz,,,,12,20,,,,,,25,30,40,20,,247
Zz,,,,12,20,24,,,,,25,30,40,20,,247
Zz,,,,12,20,24,,,20,,25,30,40,20,,247
Zz,0,,,12,20,24,,,20,,25,30,40,20,,247
Zz,0,6,,12,20,24,,,20,,25,30,40,20,,247
Zz,0,6,,12,20,24,,,20,,25,30,40,20,0,247
Zz,0,6,15,12,20,24,77,35,20,,25,30,40,20,0,247
Zz,0,6,15,12,20,24,77,35,20,0,25,30,40,20,0,247
Blorgo,,,,,,18,,,,,,,,,,172
Blorgo,,,,,,18,,,,,,30,,,,172
Blorgo,,,,,,18,,,,,,30,,23,,172
Blorgo,,,,,15,18,,,,,,30,,23,,172
Blorgo,2,,,,15,18,,,,,,30,,23,,172
Blorgo,2,4,,,15,18,,,,,,30,,23,,172
Blorgo,2,4,,,15,18,,,,,,30,,23,0,172
Blorgo,2,4,,,15,18,,,,,0,30,,23,0,172
Blorgo,2,4,,,15,18,,,19,,0,30,,23,0,172
Blorgo,2,4,,12,15,18,,,19,,0,30,,23,0,172
Blorgo,2,4,,12,15,18,,,19,,0,30,40,23,0,172
Blorgo,2,4,,12,15,18,,,19,0,0,30,40,23,0,172
Blorgo,2,4,9,12,15,18,60,0,19,0,0,30,40,23,0,172
Linda,,6,,,,,,,,,,,,,,277
Linda,,6,,,,,,,,,,30,,,,277
Linda,,6,,,,,,,,,,30,,19,,277
Linda,,6,,,,,,,,,25,30,,19,,277
Linda,,6,9,,,,,,,,25,30,,19,,277
Linda,,6,9,,15,,,,,,25,30,,19,,277
Linda,,6,9,,15,,,,27,,25,30,,19,,277
Linda,,6,9,,15,,,,27,,25,30,,19,50,277
Linda,,6,9,12,15,,,,27,,25,30,,19,50,277
Linda,,6,9,12,15,,,,27,,25,30,0,19,50,277
Linda,,6,9,12,15,24,,,27,,25,30,0,19,50,277
Linda,,6,9,12,15,24,,,27,22,25,30,0,19,50,277
Linda,3,6,9,12,15,24,69,35,27,22,25,30,0,19,50,277
Pofke,,,,,20,,,,,,,,,,,260
Pofke,,8,,,20,,,,,,,,,,,260
Pofke,1,8,,,20,,,,,,,,,,,260
Pofke,1,8,,,20,24,,,,,,,,,,260
Pofke,1,8,,,20,24,,,,,25,,,,,260
Pofke,1,8,,12,20,24,,,,,25,,,,,260
Pofke,1,8,,12,20,24,,,24,,25,,,,,260
Pofke,1,8,,12,20,24,,,24,9,25,,,,,260
Pofke,1,8,,12,20,24,,,24,9,25,,,23,,260
Pofke,1,8,9,12,20,24,74,35,24,9,25,,,23,,260
Pofke,1,8,9,12,20,24,74,35,24,9,25,,40,23,,260
Pofke,1,8,9,12,20,24,74,35,24,9,25,,40,23,0,260
Pofke,1,8,9,12,20,24,74,35,24,9,25,30,40,23,0,260
Pofke,1,,,,,,,,,,,,,,,237
Pofke,1,,,,,,,,,,,,,,50,237
Pofke,1,,,,,,,,,,,30,,,50,237
Pofke,1,,,,,,,,,,25,30,,,50,237
Pofke,1,,,,,,,,,,25,30,,20,50,237
Pofke,1,,,12,,,,,,,25,30,,20,50,237
Pofke,1,,,12,15,,,,,,25,30,,20,50,237
Pofke,1,,,12,15,,,,,0,25,30,,20,50,237
Pofke,1,,,12,15,,,,,0,25,30,40,20,50,237
Pofke,1,6,,12,15,,,,,0,25,30,40,20,50,237
Pofke,1,6,,12,15,18,,,,0,25,30,40,20,50,237
Pofke,1,6,0,12,15,18,52,0,,0,25,30,40,20,50,237
Pofke,1,6,0,12,15,18,52,0,20,0,25,30,40,20,50,237
Chuck Q,,,,,,,,,,,,,,18,,256
Chuck Q,,,,,,,,,,,,,40,18,,256
Chuck Q,,6,,,,,,,,,,,40,18,,256
Chuck Q,,6,,,,,,,24,,,,40,18,,256
Chuck Q,,6,,,15,,,,24,,,,40,18,,256
Chuck Q,,6,,,15,30,,,24,,,,40,18,,256
Chuck Q,,6,,,15,30,,,24,,,30,40,18,,256
Chuck Q,,6,,12,15,30,,,24,,,30,40,18,,256
Chuck Q,,6,9,12,15,30,,,24,,,30,40,18,,256
Chuck Q,,6,9,12,15,30,,,24,9,,30,40,18,,256
Chuck Q,3,6,9,12,15,30,75,35,24,9,,30,40,18,,256
Chuck Q,3,6,9,12,15,30,75,35,24,9,25,30,40,18,,256
Chuck Q,3,6,9,12,15,30,75,35,24,9,25,30,40,18,0,256
Chuck Q,,,,,,,,,,,25,,,,,220
Chuck Q,,,,,,,,,,,25,30,,,,220
Chuck Q,,,9,,,,,,,,25,30,,,,220
Chuck Q,,,9,16,,,,,,,25,30,,,,220
Chuck Q,,,9,16,,,,,19,,25,30,,,,220
Chuck Q,,4,9,16,,,,,19,,25,30,,,,220
Chuck Q,3,4,9,16,,,,,19,,25,30,,,,220
Chuck Q,3,4,9,16,15,,,,19,,25,30,,,,220
Chuck Q,3,4,9,16,15,,,,19,18,25,30,,,,220
Chuck Q,3,4,9,16,15,24,71,35,19,18,25,30,,,,220
Chuck Q,3,4,9,16,15,24,71,35,19,18,25,30,,,0,220
Chuck Q,3,4,9,16,15,24,71,35,19,18,25,30,,22,0,220
Chuck Q,3,4,9,16,15,24,71,35,19,18,25,30,0,22,0,220
freya,,,,,,,,,,,,,,,,273
freya,,,,,,,,,,,,,40,,,273
freya,,,,,,,,,,,,30,40,,,273
freya,,,,,,18,,,,,,30,40,,,273
freya,2,,,,,18,,,,,,30,40,,,273
freya,2,,,16,,18,,,,,,30,40,,,273
freya,2,,,16,,18,,,,,,30,40,26,,273
freya,2,,,16,,18,,,,26,,30,40,26,,273
freya,2,,,16,20,18,,,,26,,30,40,26,,273
freya,2,,6,16,20,18,,,,26,,30,40,26,,273
freya,2,,6,16,20,18,,,21,26,,30,40,26,,273
freya,2,,6,16,20,18,,,21,26,25,30,40,26,,273
freya,2,8,6,16,20,18,70,35,21,26,25,30,40,26,,273
freya,2,8,6,16,20,18,70,35,21,26,25,30,40,26,0,273
Pofke,3,,,,,,,,,,,,,,,174
Pofke,3,,,,,18,,,,,,,,,,174
Pofke,3,,,,,18,,,,,,30,,,,174
Pofke,3,,,,,18,,,,,,30,,22,,174
Pofke,3,,,,,18,,,,,,30,,22,0,174
Pofke,3,,15,,,18,,,,,,30,,22,0,174
Pofke,3,4,15,,,18,,,,,,30,,22,0,174
Pofke,3,4,15,,,18,,,24,,,30,,22,0,174
Pofke,3,4,15,8,,18,,,24,,,30,,22,0,174
Pofke,3,4,15,8,,18,,,24,0,,30,,22,0,174
Pofke,3,4,15,8,,18,,,24,0,,30,0,22,0,174
Pofke,3,4,15,8,15,18,63,35,24,0,,30,0,22,0,174
Pofke,3,4,15,8,15,18,63,35,24,0,0,30,0,22,0,174
SureWhyNot,,,,,,,,,,,,,40,,,274
SureWhyNot,,,,,,18,,,,,,,40,,,274
SureWhyNot,,,9,,,18,,,,,,,40,,,274
SureWhyNot,,,9,,,18,,,,,25,,40,,,274
SureWhyNot,,,9,,,18,,,,,25,30,40,,,274
SureWhyNot,,,9,,15,18,,,,,25,30,40,,,274
SureWhyNot,2,,9,,15,18,,,,,25,30,40,,,274
SureWhyNot,2,,9,,15,18,,,,,25,30,40,,50,274
SureWhyNot,2,,9,,15,18,,,,27,25,30,40,,50,274
SureWhyNot,2,,9,,15,18,,,,27,25,30,40,19,50,274
SureWhyNot,2,4,9,,15,18,,,,27,25,30,40,19,50,274
SureWhyNot,2,4,9,8,15,18,56,0,,27,25,30,40,19,50,274
SureWhyNot,2,4,9,8,15,18,56,0,27,27,25,30,40,19,50,274
Pofke,,,,,,24,,,,,,,,,,292
Pofke,,,,,,24,,,25,,,,,,,292
Pofke,,,,,,24,,,25,,,,,,50,292
Pofke,1,,,,,24,,,25,,,,,,50,292
Pofke,1,,,,20,24,,,25,,,,,,50,292
Pofke,1,,,12,20,24,,,25,,,,,,50,292
Pofke,1,,,12,20,24,,,25,,,,40,,50,292
Pofke,1,,,12,20,24,,,25,,25,,40,,50,292
Pofke,1,,,12,20,24,,,25,,25,30,40,,50,292
Pofke,1,,6,12,20,24,,,25,,25,30,40,,50,292
Pofke,1,,6,12,20,24,,,25,,25,30,40,22,50,292
Pofke,1,2,6,12,20,24,65,35,25,,25,30,40,22,50,292
Pofke,1,2,6,12,20,24,65,35,25,0,25,30,40,22,50,292
Doanam,,,,,,,,,,,,,,,,296
Doanam,,,,,,,,,,,25,,,,,296
Doanam,,,,,,,,,,,25,,,,50,296
Doanam,,,,,15,,,,,,25,,,,50,296
Doanam,4,,,,15,,,,,,25,,,,50,296
Doanam,4,,,,15,24,,,,,25,,,,50,296
Doanam,4,,,,15,24,,,,,25,30,,,50,296
Doanam,4,,,,15,24,,,25,,25,30,,,50,296
Doanam,4,,9,,15,24,,,25,,25,30,,,50,296
Doanam,4,,9,8,15,24,,,25,,25,30,,,50,296
Doanam,4,6,9,8,15,24,66,35,25,,25,30,,,50,296
Doanam,4,6,9,8,15,24,66,35,25,,25,30,40,,50,296
Doanam,4,6,9,8,15,24,66,35,25,0,25,30,40,,50,296
Doanam,4,6,9,8,15,24,66,35,25,0,25,30,40,25,50,296
Pofke,3,,,,,,,,,,,,,,,292
Pofke,3,,,,,,,,,,,,,18,,292
Pofke,3,,,,,18,,,,,,,,18,,292
Pofke,3,,,,20,18,,,,,,,,18,,292
Pofke,3,,,,20,18,,,,,,,,18,50,292
Pofke,3,,,8,20,18,,,,,,,,18,50,292
Pofke,3,,,8,20,18,,,,,25,,,18,50,292
Pofke,3,,,8,20,18,,,,0,25,,,18,50,292
Pofke,3,8,,8,20,18,,,,0,25,,,18,50,292
Pofke,3,8,,8,20,18,,,,0,25,30,,18,50,292
Pofke,3,8,9,8,20,18,66,35,,0,25,30,,18,50,292
Pofke,3,8,9,8,20,18,66,35,28,0,25,30,,18,50,292
Pofke,3,8,9,8,20,18,66,35,28,0,25,30,40,18,50,292
Charmstar,,,,,,,,,,,25,,,,,388
Charmstar,,,,,15,,,,,,25,,,,,388
Charmstar,,,,,15,,,,,,25,30,,,,388
Charmstar,,,,12,15,,,,,,25,30,,,,388
Charmstar,2,,,12,15,,,,,,25,30,,,,388
Charmstar,2,,,12,15,,,,,,25,30,,,50,388
Charmstar,2,8,,12,15,,,,,,25,30,,,50,388
Charmstar,2,8,,12,15,,,,19,,25,30,,,50,388
Charmstar,2,8,,12,15,18,,,19,,25,30,,,50,388
Charmstar,2,8,15,12,15,18,70,35,19,,25,30,,,150,388
Charmstar,2,8,15,12,15,18,70,35,19,,25,30,,19,150,388
Charmstar,2,8,15,12,15,18,70,35,19,,25,30,40,19,150,388
Charmstar,2,8,15,12,15,18,70,35,19,0,25,30,40,19,150,388
Tie Die,2,,,,,,,,,,,,,,,299
Tie Die,2,,,,,,,,,,25,,,,,299
Tie Die,2,,,,,,,,25,,25,,,,,299
Tie Die,2,,,,,,,,25,,25,,,23,,299
Tie Die,2,,,,,18,,,25,,25,,,23,,299
Tie Die,2,6,,,,18,,,25,,25,,,23,,299
Tie Die,2,6,,,,18,,,25,0,25,,,23,,299
Tie Die,2,6,,,20,18,,,25,0,25,,,23,,299
Tie Die,2,6,,,20,18,,,25,0,25,,40,23,,299
Tie Die,2,6,9,,20,18,,,25,0,25,,40,23,,299
Tie Die,2,6,9,,20,18,,,25,0,25,30,40,23,,299
Tie Die,2,6,9,16,20,18,71,35,25,0,25,30,40,23,,299
Tie Die,2,6,9,16,20,18,71,35,25,0,25,30,40,23,50,299
Tie Die,,,,,,,,,,,,,,,,244
Tie Die,,,,,,,,,,,25,,,,,244
Tie Die,,,,,,24,,,,,25,,,,,244
Tie Die,,,,,,24,,,,,25,,,,50,244
Tie Die,,,,,,24,,,,,25,,,18,50,244
Tie Die,4,,,,,24,,,,,25,,,18,50,244
Tie Die,4,,,12,,24,,,,,25,,,18,50,244
Tie Die,4,,,12,,24,,,,29,25,,,18,50,244
Tie Die,4,,,12,,24,,,24,29,25,,,18,50,244
Tie Die,4,,9,12,,24,,,24,29,25,,,18,50,244
Tie Die,4,4,9,12,,24,,,24,29,25,,,18,50,244
Tie Die,4,4,9,12,10,24,63,35,24,29,25,,,18,50,244
Tie Die,4,4,9,12,10,24,63,35,24,29,25,,0,18,50,244
Tie Die,4,4,9,12,10,24,63,35,24,29,25,0,0,18,50,244
Paul,,,,,,,,,,,,30,,,,192
Paul,,,9,,,,,,,,,30,,,,192
Paul,1,,9,,,,,,,,,30,,,,192
Paul,1,,9,,,,,,,,,30,40,,,192
Paul,1,,9,12,,,,,,,,30,40,,,192
Paul,1,,9,12,,18,,,,,,30,40,,,192
Paul,1,,9,12,,18,,,,16,,30,40,,,192
Paul,1,,9,12,,18,,,6,16,,30,40,,,192
Paul,1,,9,12,,18,,,6,16,,30,40,18,,192
Paul,1,,9,12,15,18,,,6,16,,30,40,18,,192
Paul,1,,9,12,15,18,,,6,16,25,30,40,18,,192
Paul,1,,9,12,15,18,,,6,16,25,30,40,18,0,192
Paul,1,2,9,12,15,18,57,0,6,16,25,30,40,18,0,192
Pickles,,,,,,,,,,,,,,,,254
Pickles,,,,,15,,,,,,,,,,,254
Pickles,,,,,15,,,,,,,,,,0,254
Pickles,,,,,15,,,,22,,,,,,0,254
Pickles,,,,,15,,,,22,,,,40,,0,254
Pickles,,,,,15,,,,22,,,30,40,,0,254
Pickles,,8,,,15,,,,22,,,30,40,,0,254
Pickles,,8,12,,15,,,,22,,,30,40,,0,254
Pickles,1,8,12,,15,,,,22,,,30,40,,0,254
Pickles,1,8,12,,15,30,,,22,,,30,40,,0,254
Pickles,1,8,12,8,15,30,74,35,22,,,30,40,,0,254
Pickles,1,8,12,8,15,30,74,35,22,14,,30,40,,0,254
Pickles,1,8,12,8,15,30,74,35,22,14,,30,40,14,0,254
Pickles,1,8,12,8,15,30,74,35,22,14,25,30,40,14,0,254
joke,,,,,,,,,,,25,,,,,217
joke,,,,,,,,,,,25,,40,,,217
joke,0,,,,,,,,,,25,,40,,,217
joke,0,,,,,,,,24,,25,,40,,,217
joke,0,,,,20,,,,24,,25,,40,,,217
joke,0,,,,20,,,,24,,25,30,40,,,217
joke,0,,,12,20,,,,24,,25,30,40,,,217
joke,0,,,12,20,18,,,24,,25,30,40,,,217
joke,0,,,12,20,18,,,24,,25,30,40,20,,217
joke,0,,6,12,20,18,,,24,,25,30,40,20,,217
joke,0,,6,12,20,18,,,24,18,25,30,40,20,,217
joke,0,,6,12,20,18,,,24,18,25,30,40,20,0,217
joke,0,4,6,12,20,18,60,0,24,18,25,30,40,20,0,217
GiGi,,,,,,,,,,,,,,,,148
GiGi,1,,,,,,,,,,,,,,,148
GiGi,1,,,,,,,,,,,,,23,,148
GiGi,1,,,,,,,,,,25,,,23,,148
GiGi,1,,,,,,,,,,25,30,,23,,148
GiGi,1,,,,15,,,,,,25,30,,23,,148
GiGi,1,4,,,15,,,,,,25,30,,23,,148
GiGi,1,4,,,15,18,,,,,25,30,,23,,148
GiGi,1,4,3,,15,18,,,,,25,30,,23,,148
GiGi,1,4,3,4,15,18,45,0,,,25,30,,23,,148
GiGi,1,4,3,4,15,18,45,0,,,25,30,0,23,,148
GiGi,1,4,3,4,15,18,45,0,25,,25,30,0,23,,148
GiGi,1,4,3,4,15,18,45,0,25,0,25,30,0,23,,148
GiGi,1,4,3,4,15,18,45,0,25,0,25,30,0,23,0,148
Sim,,,,,,,,,,,,,,,,240
Sim,,,12,,,,,,,,,,,,,240
Sim,3,,12,,,,,,,,,,,,,240
Sim,3,,12,,,,,,,,25,,,,,240
Sim,3,,12,,,,,,28,,25,,,,,240
Sim,3,8,12,,,,,,28,,25,,,,,240
Sim,3,8,12,,,,,,28,,25,,,15,,240
Sim,3,8,12,,,,,,28,,25,30,,15,,240
Sim,3,8,12,,,,,,28,0,25,30,,15,,240
Sim,3,8,12,,,,,,28,0,25,30,,15,0,240
Sim,3,8,12,,,,,,28,0,25,30,40,15,0,240
Sim,3,8,12,16,,,,,28,0,25,30,40,15,0,240
Sim,3,8,12,16,10,,,,28,0,25,30,40,15,0,240
Sim,3,8,12,16,10,18,67,35,28,0,25,30,40,15,0,240
BStrings,,,,,,,,,,,25,,,,,267
BStrings,,,,,,,,,,,25,,40,,,267
BStrings,,6,,,,,,,,,25,,40,,,267
BStrings,,6,9,,,,,,,,25,,40,,,267
BStrings,,6,9,,,,,,,,25,30,40,,,267
BStrings,2,6,9,,,,,,,,25,30,40,,,267
BStrings,2,6,9,,,24,,,,,25,30,40,,,267
BStrings,2,6,9,,,24,,,21,,25,30,40,,,267
BStrings,2,6,9,,,24,,,21,28,25,30,40,,,267
BStrings,2,6,9,,,24,,,21,28,25,30,40,21,,267
BStrings,2,6,9,,,24,,,21,28,25,30,40,21,0,267
BStrings,2,6,9,,10,24,,,21,28,25,30,40,21,0,267
BStrings,2,6,9,16,10,24,67,35,21,28,25,30,40,21,0,267
Katniss,,,,,,,,,,,25,,,,,291
Katniss,,,,,,,,,,,25,,,,50,291
Katniss,,,,,20,,,,,,25,,,,50,291
Katniss,,,12,,20,,,,,,25,,,,50,291
Katniss,,,12,,20,18,,,,,25,,,,50,291
Katniss,,,12,,20,18,,,19,,25,,,,50,291
Katniss,,,12,,20,18,,,19,,25,,,24,50,291
Katniss,0,,12,,20,18,,,19,,25,,,24,50,291
Katniss,0,2,12,,20,18,,,19,,25,,,24,50,291
Katniss,0,2,12,16,20,18,68,35,19,,25,,,24,50,291
Katniss,0,2,12,16,20,18,68,35,19,,25,30,,24,50,291
Katniss,0,2,12,16,20,18,68,35,19,,25,30,40,24,50,291
Katniss,0,2,12,16,20,18,68,35,19,0,25,30,40,24,50,291
BStrings,,,,,,,,,28,,,,,,,278
BStrings,,,,,,,,,28,,,30,,,,278
BStrings,,,,,,,,,28,,25,30,,,,278
BStrings,,,,,,,,,28,,25,30,,21,,278
BStrings,,,12,,,,,,28,,25,30,,21,,278
BStrings,,,12,,,,,,28,,25,30,,21,50,278
BStrings,,,12,,,,,,28,22,25,30,,21,50,278
BStrings,1,,12,,,,,,28,22,25,30,,21,50,278
BStrings,1,,12,,15,,,,28,22,25,30,,21,50,278
BStrings,1,8,12,,15,,,,28,22,25,30,,21,50,278
BStrings,1,8,12,8,15,,,,28,22,25,30,,21,50,278
BStrings,1,8,12,8,15,18,62,0,28,22,25,30,,21,50,278
BStrings,1,8,12,8,15,18,62,0,28,22,25,30,40,21,50,278
BStrings,,,,,,,,,24,,,,,,,271
BStrings,,,,,,,,,24,28,,,,,,271
BStrings,,,,16,,,,,24,28,,,,,,271
BStrings,,,,16,,,,,24,28,25,,,,,271
BStrings,,8,,16,,,,,24,28,25,,,,,271
BStrings,,8,,16,,18,,,24,28,25,,,,,271
BStrings,3,8,,16,,18,,,24,28,25,,,,,271
BStrings,3,8,,16,,18,,,24,28,25,30,,,,271
BStrings,3,8,,16,,18,,,24,28,25,30,40,,,271
BStrings,3,8,9,16,,18,,,24,28,25,30,40,,,271
BStrings,3,8,9,16,,18,,,24,28,25,30,40,25,,271
BStrings,3,8,9,16,,18,,,24,28,25,30,40,25,0,271
BStrings,3,8,9,16,10,18,64,35,24,28,25,30,40,25,0,271
Court,,,,,,,,,,,,,,,,367
Court,,,,,,,,,,,25,,,,,367
Court,,,,,,,,,,,25,30,,,,367
Court,2,,,,,,,,,,25,30,,,,367
Court,2,,,,,,,,,,25,30,,,50,367
Court,2,,,,,,,,,,25,30,,25,50,367
Court,2,,,16,,,,,,,25,30,,25,50,367
Court,2,,,16,,,,,,17,25,30,,25,50,367
Court,2,,12,16,,,,,,17,25,30,,25,50,367
Court,2,2,12,16,,,,,,17,25,30,,25,50,367
Court,2,2,12,16,,,,,16,17,25,30,,25,50,367
Court,2,2,12,16,25,,,,16,17,25,30,,25,150,367
Court,2,2,12,16,25,,,,16,17,25,30,0,25,150,367
Court,2,2,12,16,25,12,69,35,16,17,25,30,0,25,150,367
BStrings,,,,,,,,,,,,,,20,,174
BStrings,,,,,,,,,,,25,,,20,,174
BStrings,,,,12,,,,,,,25,,,20,,174
BStrings,3,,,12,,,,,,,25,,,20,,174
BStrings,3,6,,12,,,,,,,25,,,20,,174
BStrings,3,6,,12,,,,,15,,25,,,20,,174
BStrings,3,6,,12,,,,,15,26,25,,,20,,174
BStrings,3,6,9,12,,,,,15,26,25,,,20,,174
BStrings,3,6,9,12,,,,,15,26,25,,,20,0,174
BStrings,3,6,9,12,,,,,15,26,25,30,,20,0,174
BStrings,3,6,9,12,,18,,,15,26,25,30,,20,0,174
BStrings,3,6,9,12,,18,,,15,26,25,30,0,20,0,174
BStrings,3,6,9,12,10,18,58,0,15,26,25,30,0,20,0,174
Quarts,,,,,,,,,27,,,,,,,350
Quarts,,,,,,,,,27,,,,,20,,350
Quarts,,,,,,,,,27,,25,,,20,,350
Quarts,1,,,,,,,,27,,25,,,20,,350
Quarts,1,2,,,,,,,27,,25,,,20,,350
Quarts,1,2,,,10,,,,27,,25,,,20,,350
Quarts,1,2,,,10,,,,27,,25,30,,20,,350
Quarts,1,2,,,10,,,,27,,25,30,,20,50,350
Quarts,1,2,,,10,30,,,27,,25,30,,20,150,350
Quarts,1,2,,,10,30,,,27,0,25,30,,20,150,350
Quarts,1,2,,12,10,30,,,27,0,25,30,,20,150,350
Quarts,1,2,3,12,10,30,58,0,27,0,25,30,,20,150,350
Quarts,1,2,3,12,10,30,58,0,27,0,25,30,40,20,150,350
Thats it,,,,,,,,,,,,,,,,191
Thats it,,,,,15,,,,,,,,,,,191
Thats it,,,,,15,,,,,,,,40,,,191
Thats it,,,,,15,,,,25,,,,40,,,191
Thats it,,,,,15,,,,25,,25,,40,,,191
Thats it,,,,,15,,,,25,,25,,40,20,,191
Thats it,,,,,15,,,,25,,25,30,40,20,,191
Thats it,,,12,,15,,,,25,,25,30,40,20,,191
Thats it,,6,12,,15,,,,25,,25,30,40,20,,191
Thats it,4,6,12,,15,,,,25,,25,30,40,20,,191
Thats it,4,6,12,,15,,,,25,0,25,30,40,20,,191
Thats it,4,6,12,8,15,,,,25,0,25,30,40,20,,191
Thats it,4,6,12,8,15,,,,25,0,25,30,40,20,0,191
Thats it,4,6,12,8,15,6,51,0,25,0,25,30,40,20,0,191
Alice J,,,,,20,,,,,,,,,,,210
Alice J,,,,,20,,,,,,,30,,,,210
Alice J,,,,,20,,,,,,,30,,22,,210
Alice J,4,,,,20,,,,,,,30,,22,,210
Alice J,4,,,,20,,,,,10,,30,,22,,210
Alice J,4,,12,,20,,,,,10,,30,,22,,210
Alice J,4,,12,,20,,,,,10,25,30,,22,,210
Alice J,4,,12,,20,18,,,,10,25,30,,22,,210
Alice J,4,4,12,,20,18,,,,10,25,30,,22,,210
Alice J,4,4,12,8,20,18,66,35,,10,25,30,,22,,210
Alice J,4,4,12,8,20,18,66,35,,10,25,30,,22,0,210
Alice J,4,4,12,8,20,18,66,35,,10,25,30,0,22,0,210
Alice J,4,4,12,8,20,18,66,35,22,10,25,30,0,22,0,210
Thats it,,,,,,,,,,,,,,,,240
Thats it,,,,,,,,,,,,,40,,,240
Thats it,,,,,,,,,,,,30,40,,,240
Thats it,,,,,,,,,,,25,30,40,,,240
Thats it,,,,,,18,,,,,25,30,40,,,240
Thats it,,6,,,,18,,,,,25,30,40,,,240
Thats it,,6,,,15,18,,,,,25,30,40,,,240
Thats it,,6,,,15,18,,,,,25,30,40,21,,240
Thats it,2,6,,,15,18,,,,,25,30,40,21,,240
Thats it,2,6,,,15,18,,,,0,25,30,40,21,,240
Thats it,2,6,,,15,18,,,27,0,25,30,40,21,,240
Thats it,2,6,,,15,18,,,27,0,25,30,40,21,50,240
Thats it,2,6,6,,15,18,,,27,0,25,30,40,21,50,240
Thats it,2,6,6,0,15,18,47,0,27,0,25,30,40,21,50,240
Unbeatable,,,,,,,,,,,,,,,,195
Unbeatable,,,,,,,,,,,25,,,,,195
Unbeatable,,,,,,,,,,,25,,,22,,195
Unbeatable,,,,,,24,,,,,25,,,22,,195
Unbeatable,1,,,,,24,,,,,25,,,22,,195
Unbeatable,1,8,,,,24,,,,,25,,,22,,195
Unbeatable,1,8,,,,24,,,,,25,,40,22,,195
Unbeatable,1,8,,,,24,,,,,25,,40,22,0,195
Unbeatable,1,8,3,,,24,,,,,25,,40,22,0,195
Unbeatable,1,8,3,,,24,,,,0,25,,40,22,0,195
Unbeatable,1,8,3,,,24,,,,0,25,30,40,22,0,195
Unbeatable,1,8,3,12,,24,,,,0,25,30,40,22,0,195
Unbeatable,1,8,3,12,,24,,,25,0,25,30,40,22,0,195
Unbeatable,1,8,3,12,5,24,53,0,25,0,25,30,40,22,0,195
Deelicious,,,,,,,,,,,,,,,,216
Deelicious,,,,,,,,,,,25,,,,,216
Deelicious,,,,,10,,,,,,25,,,,,216
Deelicious,,,,,10,,,,,,25,30,,,,216
Deelicious,4,,,,10,,,,,,25,30,,,,216
Deelicious,4,,,,10,,,,,,25,30,,22,,216
Deelicious,4,,,12,10,,,,,,25,30,,22,,216
Deelicious,4,,,12,10,,,,24,,25,30,,22,,216
Deelicious,4,,,12,10,12,,,24,,25,30,,22,,216
Deelicious,4,2,,12,10,12,,,24,,25,30,,22,,216
Deelicious,4,2,6,12,10,12,46,0,24,,25,30,,22,,216
Deelicious,4,2,6,12,10,12,46,0,24,,25,30,,22,50,216
Deelicious,4,2,6,12,10,12,46,0,24,,25,30,0,22,50,216
Deelicious,4,2,6,12,10,12,46,0,24,19,25,30,0,22,50,216
drifter,,,,,,,,,,,25,,,,,273
drifter,,,,,,,,,,27,25,,,,,273
drifter,,,,,,,,,23,27,25,,,,,273
drifter,,6,,,,,,,23,27,25,,,,,273
drifter,,6,,,,,,,23,27,25,,,20,,273
drifter,,6,,,,,,,23,27,25,,40,20,,273
drifter,,6,,,,18,,,23,27,25,,40,20,,273
drifter,,6,,16,,18,,,23,27,25,,40,20,,273
drifter,,6,,16,,18,,,23,27,25,30,40,20,,273
drifter,,6,,16,20,18,,,23,27,25,30,40,20,,273
drifter,4,6,,16,20,18,,,23,27,25,30,40,20,,273
drifter,4,6,9,16,20,18,73,35,23,27,25,30,40,20,,273
drifter,4,6,9,16,20,18,73,35,23,27,25,30,40,20,0,273
WTF,,,,,,,,,,,,,,,,295
WTF,,,,,15,,,,,,,,,,,295
WTF,,,,,15,,,,,,,,40,,,295
WTF,,6,,,15,,,,,,,,40,,,295
WTF,,6,,,15,,,,,,,,40,,50,295
WTF,,6,,,15,,,,,,,,40,23,50,295
WTF,,6,12,,15,,,,,,,,40,23,50,295
WTF,,6,12,12,15,,,,,,,,40,23,50,295
WTF,,6,12,12,15,,,,,,,30,40,23,50,295
WTF,,6,12,12,15,,,,,,25,30,40,23,50,295
WTF,,6,12,12,15,,,,21,,25,30,40,23,50,295
WTF,2,6,12,12,15,,,,21,,25,30,40,23,50,295
WTF,2,6,12,12,15,,,,21,0,25,30,40,23,50,295
WTF,2,6,12,12,15,24,71,35,21,0,25,30,40,23,50,295
Grumpy Cat,,,,,,,,,,,,,,,,257
Grumpy Cat,1,,,,,,,,,,,,,,,257
Grumpy Cat,1,,,,,24,,,,,,,,,,257
Grumpy Cat,1,,,,,24,,,,,,,,18,,257
Grumpy Cat,1,,,,,24,,,,,25,,,18,,257
Grumpy Cat,1,,,16,,24,,,,,25,,,18,,257
Grumpy Cat,1,,12,16,,24,,,,,25,,,18,,257
Grumpy Cat,1,,12,16,,24,,,,,25,,40,18,,257
Grumpy Cat,1,,12,16,,24,,,,22,25,,40,18,,257
Grumpy Cat,1,,12,16,,24,,,17,22,25,,40,18,,257
Grumpy Cat,1,,12,16,15,24,,,17,22,25,,40,18,,257
Grumpy Cat,1,,12,16,15,24,,,17,22,25,30,40,18,,257
Grumpy Cat,1,2,12,16,15,24,70,35,17,22,25,30,40,18,,257
Grumpy Cat,1,2,12,16,15,24,70,35,17,22,25,30,40,18,0,257
WTF,1,,,,,,,,,,,,,,,259
WTF,1,,,,,,,,,,,30,,,,259
WTF,1,,12,,,,,,,,,30,,,,259
WTF,1,8,12,,,,,,,,,30,,,,259
WTF,1,8,12,,,,,,,22,,30,,,,259
WTF,1,8,12,,,,,,,22,,30,40,,,259
WTF,1,8,12,,,,,,12,22,,30,40,,,259
WTF,1,8,12,,,,,,12,22,25,30,40,,,259
WTF,1,8,12,12,,,,,12,22,25,30,40,,,259
WTF,1,8,12,12,,,,,12,22,25,30,40,24,,259
WTF,1,8,12,12,20,,,,12,22,25,30,40,24,,259
WTF,1,8,12,12,20,18,71,35,12,22,25,30,40,24,,259
WTF,1,8,12,12,20,18,71,35,12,22,25,30,40,24,0,259
yuprsenior,,,,,,,,,,,,,,,,302
yuprsenior,,,,,,,,,,26,,,,,,302
yuprsenior,,6,,,,,,,,26,,,,,,302
yuprsenior,,6,,,,,,,14,26,,,,,,302
yuprsenior,,6,,,15,,,,14,26,,,,,,302
yuprsenior,,6,,16,15,,,,14,26,,,,,,302
yuprsenior,,6,,16,15,,,,14,26,,30,,,,302
yuprsenior,,6,,16,15,,,,14,26,25,30,,,,302
yuprsenior,,6,,16,15,,,,14,26,25,30,,17,,302
yuprsenior,,6,,16,15,,,,14,26,25,30,40,17,,302
yuprsenior,,6,,16,15,,,,14,26,25,30,40,17,50,302
yuprsenior,,6,12,16,15,,,,14,26,25,30,40,17,50,302
yuprsenior,4,6,12,16,15,,,,14,26,25,30,40,17,50,302
yuprsenior,4,6,12,16,15,12,65,35,14,26,25,30,40,17,50,302
Angie,,,,,,,,,,,,,,,,193
Angie,,,,,,,,,,27,,,,,,193
Angie,,,,,15,,,,,27,,,,,,193
Angie,,,,,15,,,,,27,,,,18,,193
Angie,,,,,15,,,,,27,,,40,18,,193
Angie,,,,,15,18,,,,27,,,40,18,,193
Angie,,,,,15,18,,,,27,,,40,18,0,193
Angie,,,,,15,18,,,,27,25,,40,18,0,193
Angie,1,,,,15,18,,,,27,25,,40,18,0,193
Angie,1,,,,15,18,,,,27,25,30,40,18,0,193
Angie,1,8,,,15,18,,,,27,25,30,40,18,0,193
Angie,1,8,,,15,18,,,0,27,25,30,40,18,0,193
Angie,1,8,,8,15,18,,,0,27,25,30,40,18,0,193
Angie,1,8,3,8,15,18,53,0,0,27,25,30,40,18,0,193
Gayle,,6,,,,,,,,,,,,,,274
Gayle,,6,,,,,,,,,,,,23,,274
Gayle,,6,,12,,,,,,,,,,23,,274
Gayle,,6,,12,,,,,,,25,,,23,,274
Gayle,,6,,12,20,,,,,,25,,,23,,274
Gayle,,6,6,12,20,,,,,,25,,,23,,274
Gayle,4,6,6,12,20,,,,,,25,,,23,,274
Gayle,4,6,6,12,20,,,,,,25,,,23,0,274
Gayle,4,6,6,12,20,24,72,35,,,25,,,23,0,274
Gayle,4,6,6,12,20,24,72,35,22,,25,,,23,0,274
Gayle,4,6,6,12,20,24,72,35,22,,25,,40,23,0,274
Gayle,4,6,6,12,20,24,72,35,22,27,25,,40,23,0,274
Gayle,4,6,6,12,20,24,72,35,22,27,25,30,40,23,0,274
zzzzzzzz,,,,,,,,,,,,,,,,205
zzzzzzzz,,,,,,,,,,,,,,,50,205
zzzzzzzz,,,,,,,,,,,25,,,,50,205
zzzzzzzz,3,,,,,,,,,,25,,,,50,205
zzzzzzzz,3,,,,15,,,,,,25,,,,50,205
zzzzzzzz,3,,,,15,,,,21,,25,,,,50,205
zzzzzzzz,3,,,,15,,,,21,,25,30,,,50,205
zzzzzzzz,3,,,,15,,,,21,,25,30,,18,50,205
zzzzzzzz,3,,9,,15,,,,21,,25,30,,18,50,205
zzzzzzzz,3,,9,,15,18,,,21,,25,30,,18,50,205
zzzzzzzz,3,,9,12,15,18,,,21,,25,30,,18,50,205
zzzzzzzz,3,,9,12,15,18,,,21,0,25,30,,18,50,205
zzzzzzzz,3,4,9,12,15,18,61,0,21,0,25,30,,18,50,205
zzzzzzzz,3,4,9,12,15,18,61,0,21,0,25,30,0,18,50,205
SPEEDY,,,,,,24,,,,,,,,,,287
SPEEDY,,,,,,24,,,,,,30,,,,287
SPEEDY,2,,,,,24,,,,,,30,,,,287
SPEEDY,2,,,,,24,,,,,,30,,,50,287
SPEEDY,2,,,,,24,,,,,25,30,,,50,287
SPEEDY,2,,9,,,24,,,,,25,30,,,50,287
SPEEDY,2,2,9,,,24,,,,,25,30,,,50,287
SPEEDY,2,2,9,,,24,,,,,25,30,,19,50,287
SPEEDY,2,2,9,,,24,,,,0,25,30,,19,50,287
SPEEDY,2,2,9,,,24,,,,0,25,30,40,19,50,287
SPEEDY,2,2,9,12,,24,,,,0,25,30,40,19,50,287
SPEEDY,2,2,9,12,15,24,64,35,,0,25,30,40,19,50,287
SPEEDY,2,2,9,12,15,24,64,35,24,0,25,30,40,19,50,287
Mindy,,,,,,,,,,,25,,,,,164
Mindy,,,,,,,,,,21,25,,,,,164
Mindy,,,,,,,,,,21,25,30,,,,164
Mindy,,,,,,,,,,21,25,30,,14,,164
Mindy,,,,,,,,,,21,25,30,,14,0,164
Mindy,,,,,,,,,29,21,25,30,,14,0,164
Mindy,,,,,,,,,29,21,25,30,0,14,0,164
Mindy,,,,,15,,,,29,21,25,30,0,14,0,164
Mindy,1,,,,15,,,,29,21,25,30,0,14,0,164
Mindy,1,2,,,15,,,,29,21,25,30,0,14,0,164
Mindy,1,2,,12,15,,,,29,21,25,30,0,14,0,164
Mindy,1,2,,12,15,12,,,29,21,25,30,0,14,0,164
Mindy,1,2,3,12,15,12,45,0,29,21,25,30,0,14,0,164
Oklahoma,,,,,,,,,,,,,40,,,241
Oklahoma,,,,,,,,,,,,30,40,,,241
Oklahoma,,,,,,18,,,,,,30,40,,,241
Oklahoma,,6,,,,18,,,,,,30,40,,,241
Oklahoma,1,6,,,,18,,,,,,30,40,,,241
Oklahoma,1,6,,,,18,,,,,,30,40,20,,241
Oklahoma,1,6,,,,18,,,23,,,30,40,20,,241
Oklahoma,1,6,,16,,18,,,23,,,30,40,20,,241
Oklahoma,1,6,,16,,18,,,23,0,,30,40,20,,241
Oklahoma,1,6,12,16,,18,,,23,0,,30,40,20,,241
Oklahoma,1,6,12,16,15,18,68,35,23,0,,30,40,20,,241
Oklahoma,1,6,12,16,15,18,68,35,23,0,,30,40,20,0,241
Oklahoma,1,6,12,16,15,18,68,35,23,0,25,30,40,20,0,241
Mindy,,,,,,,,,,,,,,,,205
Mindy,,,,,,,,,,14,,,,,,205
Mindy,,,,,,,,,,14,25,,,,,205
Mindy,,,,,,,,,,14,25,30,,,,205
Mindy,,,,,,,,,16,14,25,30,,,,205
Mindy,,,,12,,,,,16,14,25,30,,,,205
Mindy,,,,12,,,,,16,14,25,30,,21,,205
Mindy,,,,12,,,,,16,14,25,30,0,21,,205
Mindy,,,9,12,,,,,16,14,25,30,0,21,,205
Mindy,2,,9,12,,,,,16,14,25,30,0,21,,205
Mindy,2,8,9,12,,,,,16,14,25,30,0,21,,205
Mindy,2,8,9,12,15,,,,16,14,25,30,0,21,,205
Mindy,2,8,9,12,15,,,,16,14,25,30,0,21,0,205
Mindy,2,8,9,12,15,18,64,35,16,14,25,30,0,21,0,205
JonNYGman,,,,,,,,,,,,,,,,198
JonNYGman,,,,,,,,,24,,,,,,,198
JonNYGman,1,,,,,,,,24,,,,,,,198
JonNYGman,1,,,,,,,,24,,,,40,,,198
JonNYGman,1,,,,,,,,24,,,30,40,,,198
JonNYGman,1,,,,,,,,24,,,30,40,19,,198
JonNYGman,1,,12,,,,,,24,,,30,40,19,,198
JonNYGman,1,,12,12,,,,,24,,,30,40,19,,198
JonNYGman,1,4,12,12,,,,,24,,,30,40,19,,198
JonNYGman,1,4,12,12,20,,,,24,,,30,40,19,,198
JonNYGman,1,4,12,12,20,,,,24,,,30,40,19,0,198
JonNYGman,1,4,12,12,20,,,,24,24,,30,40,19,0,198
JonNYGman,1,4,12,12,20,,,,24,24,0,30,40,19,0,198
JonNYGman,1,4,12,12,20,12,61,0,24,24,0,30,40,19,0,198
Censord,,,,,,,,,,,,30,,,,201
Censord,2,,,,,,,,,,,30,,,,201
Censord,2,,,12,,,,,,,,30,,,,201
Censord,2,,,12,,,,,,,,30,,,50,201
Censord,2,,,12,20,,,,,,,30,,,50,201
Censord,2,,,12,20,,,,,,,30,,21,50,201
Censord,2,4,,12,20,,,,,,,30,,21,50,201
Censord,2,4,,12,20,18,,,,,,30,,21,50,201
Censord,2,4,,12,20,18,,,,0,,30,,21,50,201
Censord,2,4,,12,20,18,,,0,0,,30,,21,50,201
Censord,2,4,9,12,20,18,65,35,0,0,,30,,21,50,201
Censord,2,4,9,12,20,18,65,35,0,0,,30,0,21,50,201
Censord,2,4,9,12,20,18,65,35,0,0,0,30,0,21,50,201
Missy,1,,,,,,,,,,,,,,,183
Missy,1,,,,,,,,,,25,,,,,183
Missy,1,,12,,,,,,,,25,,,,,183
Missy,1,,12,,,,,,,,25,,40,,,183
Missy,1,,12,8,,,,,,,25,,40,,,183
Missy,1,,12,8,,,,,27,,25,,40,,,183
Missy,1,,12,8,,,,,27,,25,,40,21,,183
Missy,1,8,12,8,,,,,27,,25,,40,21,,183
Missy,1,8,12,8,,,,,27,17,25,,40,21,,183
Missy,1,8,12,8,,,,,27,17,25,,40,21,0,183
Missy,1,8,12,8,,24,,,27,17,25,,40,21,0,183
Missy,1,8,12,8,0,24,53,0,27,17,25,,40,21,0,183
Missy,1,8,12,8,0,24,53,0,27,17,25,0,40,21,0,183
Donna S,,,,,,,,,,,,30,,,,187
Donna S,,,,,,,,,,,25,30,,,,187
Donna S,3,,,,,,,,,,25,30,,,,187
Donna S,3,,,,15,,,,,,25,30,,,,187
Donna S,3,6,,,15,,,,,,25,30,,,,187
Donna S,3,6,,,15,,,,,11,25,30,,,,187
Donna S,3,6,,,15,,,,,11,25,30,40,,,187
Donna S,3,6,,16,15,,,,,11,25,30,40,,,187
Donna S,3,6,,16,15,,,,,11,25,30,40,20,,187
Donna S,3,6,9,16,15,,,,,11,25,30,40,20,,187
Donna S,3,6,9,16,15,,,,0,11,25,30,40,20,,187
Donna S,3,6,9,16,15,,,,0,11,25,30,40,20,0,187
Donna S,3,6,9,16,15,12,61,0,0,11,25,30,40,20,0,187
Bra,,,,,,,,,,,,30,,,,266
Bra,,4,,,,,,,,,,30,,,,266
Bra,,4,,16,,,,,,,,30,,,,266
Bra,,4,,16,,24,,,,,,30,,,,266
Bra,,4,,16,,24,,,25,,,30,,,,266
Bra,,4,,16,,24,,,25,,25,30,,,,266
Bra,,4,,16,,24,,,25,,25,30,40,,,266
Bra,,4,,16,15,24,,,25,,25,30,40,,,266
Bra,,4,,16,15,24,,,25,,25,30,40,26,,266
Bra,1,4,,16,15,24,,,25,,25,30,40,26,,266
Bra,1,4,9,16,15,24,69,35,25,,25,30,40,26,,266
Bra,1,4,9,16,15,24,69,35,25,,25,30,40,26,0,266
Bra,1,4,9,16,15,24,69,35,25,16,25,30,40,26,0,266
Camile,,,,,,,,,,,,30,,,,347
Camile,,,,,,,,,,,,30,,18,,347
Camile,,,,,,,,,,,25,30,,18,,347
Camile,2,,,,,,,,,,25,30,,18,,347
Camile,2,,9,,,,,,,,25,30,,18,,347
Camile,2,,9,,,,,,,,25,30,40,18,,347
Camile,2,,9,,,,,,,,25,30,40,18,50,347
Camile,2,2,9,,,,,,,,25,30,40,18,50,347
Camile,2,2,9,,,,,,,0,25,30,40,18,50,347
Camile,2,2,9,,25,,,,,0,25,30,40,18,150,347
Camile,2,2,9,,25,,,,22,0,25,30,40,18,150,347
Camile,2,2,9,12,25,,,,22,0,25,30,40,18,150,347
Camile,2,2,9,12,25,12,62,0,22,0,25,30,40,18,150,347
William,,,,,,,,,,,,,,,,262
William,,8,,,,,,,,,,,,,,262
William,,8,,16,,,,,,,,,,,,262
William,,8,,16,,,,,,,,30,,,,262
William,1,8,,16,,,,,,,,30,,,,262
William,1,8,,16,,,,,,,,30,40,,,262
William,1,8,,16,,,,,23,,,30,40,,,262
William,1,8,,16,,,,,23,,,30,40,24,,262
William,1,8,,16,,,,,23,,25,30,40,24,,262
William,1,8,9,16,,,,,23,,25,30,40,24,,262
William,1,8,9,16,,18,,,23,,25,30,40,24,,262
William,1,8,9,16,,18,,,23,,25,30,40,24,0,262
William,1,8,9,16,15,18,67,35,23,,25,30,40,24,0,262
William,1,8,9,16,15,18,67,35,23,18,25,30,40,24,0,262
Camile,,,,,,,,,,,,30,,,,201
Camile,,,,,15,,,,,,,30,,,,201
Camile,,,,,15,,,,,,25,30,,,,201
Camile,,,9,,15,,,,,,25,30,,,,201
Camile,,,9,,15,24,,,,,25,30,,,,201
Camile,1,,9,,15,24,,,,,25,30,,,,201
Camile,1,,9,,15,24,,,,,25,30,,22,,201
Camile,1,,9,,15,24,,,,,25,30,,22,0,201
Camile,1,4,9,,15,24,,,,,25,30,,22,0,201
Camile,1,4,9,,15,24,,,24,,25,30,,22,0,201
Camile,1,4,9,12,15,24,65,35,24,,25,30,,22,0,201
Camile,1,4,9,12,15,24,65,35,24,,25,30,0,22,0,201
Camile,1,4,9,12,15,24,65,35,24,0,25,30,0,22,0,201
William,,,,16,,,,,,,,,,,,273
William,,,,16,20,,,,,,,,,,,273
William,,,,16,20,,,,,29,,,,,,273
William,,,,16,20,,,,27,29,,,,,,273
William,,,,16,20,18,,,27,29,,,,,,273
William,,,,16,20,18,,,27,29,,,,22,,273
William,,,9,16,20,18,,,27,29,,,,22,,273
William,2,,9,16,20,18,,,27,29,,,,22,,273
William,2,,9,16,20,18,,,27,29,,,40,22,,273
William,2,,9,16,20,18,,,27,29,,30,40,22,,273
William,2,0,9,16,20,18,65,35,27,29,,30,40,22,,273
William,2,0,9,16,20,18,65,35,27,29,25,30,40,22,,273
William,2,0,9,16,20,18,65,35,27,29,25,30,40,22,0,273